experiment,condition,sample,order,algorithm,length,rounds,seed,elapsed_ns,result_sink
compare,equal,0,0,full-scan,64,2000,20261007,7000,14000
compare,equal,0,1,early-exit,64,2000,20261007,46000,16000
compare,equal,1,0,early-exit,64,2000,20261007,46000,18000
compare,equal,1,1,full-scan,64,2000,20261007,8000,20000
compare,equal,2,0,full-scan,64,2000,20261007,7000,22000
compare,equal,2,1,early-exit,64,2000,20261007,45000,24000
compare,equal,3,0,early-exit,64,2000,20261007,42000,26000
compare,equal,3,1,full-scan,64,2000,20261007,7000,28000
compare,equal,4,0,full-scan,64,2000,20261007,7000,30000
compare,equal,4,1,early-exit,64,2000,20261007,41000,32000
compare,equal,5,0,early-exit,64,2000,20261007,41000,34000
compare,equal,5,1,full-scan,64,2000,20261007,6000,36000
compare,equal,6,0,full-scan,64,2000,20261007,6000,38000
compare,equal,6,1,early-exit,64,2000,20261007,41000,40000
compare,equal,7,0,early-exit,64,2000,20261007,41000,42000
compare,equal,7,1,full-scan,64,2000,20261007,6000,44000
compare,equal,8,0,full-scan,64,2000,20261007,6000,46000
compare,equal,8,1,early-exit,64,2000,20261007,41000,48000
compare,equal,9,0,early-exit,64,2000,20261007,41000,50000
compare,equal,9,1,full-scan,64,2000,20261007,7000,52000
compare,equal,10,0,full-scan,64,2000,20261007,7000,54000
compare,equal,10,1,early-exit,64,2000,20261007,42000,56000
compare,equal,11,0,early-exit,64,2000,20261007,42000,58000
compare,equal,11,1,full-scan,64,2000,20261007,7000,60000
compare,equal,12,0,full-scan,64,2000,20261007,7000,62000
compare,equal,12,1,early-exit,64,2000,20261007,42000,64000
compare,equal,13,0,early-exit,64,2000,20261007,42000,66000
compare,equal,13,1,full-scan,64,2000,20261007,7000,68000
compare,equal,14,0,full-scan,64,2000,20261007,7000,70000
compare,equal,14,1,early-exit,64,2000,20261007,42000,72000
compare,equal,15,0,early-exit,64,2000,20261007,42000,74000
compare,equal,15,1,full-scan,64,2000,20261007,7000,76000
compare,equal,16,0,full-scan,64,2000,20261007,7000,78000
compare,equal,16,1,early-exit,64,2000,20261007,42000,80000
compare,equal,17,0,early-exit,64,2000,20261007,42000,82000
compare,equal,17,1,full-scan,64,2000,20261007,7000,84000
compare,equal,18,0,full-scan,64,2000,20261007,7000,86000
compare,equal,18,1,early-exit,64,2000,20261007,42000,88000
compare,equal,19,0,early-exit,64,2000,20261007,42000,90000
compare,equal,19,1,full-scan,64,2000,20261007,7000,92000
compare,equal,20,0,full-scan,64,2000,20261007,7000,94000
compare,equal,20,1,early-exit,64,2000,20261007,41000,96000
compare,equal,21,0,early-exit,64,2000,20261007,42000,98000
compare,equal,21,1,full-scan,64,2000,20261007,6000,100000
compare,equal,22,0,full-scan,64,2000,20261007,6000,102000
compare,equal,22,1,early-exit,64,2000,20261007,41000,104000
compare,equal,23,0,early-exit,64,2000,20261007,41000,106000
compare,equal,23,1,full-scan,64,2000,20261007,6000,108000
compare,equal,24,0,full-scan,64,2000,20261007,6000,110000
compare,equal,24,1,early-exit,64,2000,20261007,41000,112000
compare,equal,25,0,early-exit,64,2000,20261007,41000,114000
compare,equal,25,1,full-scan,64,2000,20261007,7000,116000
compare,equal,26,0,full-scan,64,2000,20261007,7000,118000
compare,equal,26,1,early-exit,64,2000,20261007,42000,120000
compare,equal,27,0,early-exit,64,2000,20261007,42000,122000
compare,equal,27,1,full-scan,64,2000,20261007,7000,124000
compare,equal,28,0,full-scan,64,2000,20261007,7000,126000
compare,equal,28,1,early-exit,64,2000,20261007,42000,128000
compare,equal,29,0,early-exit,64,2000,20261007,42000,130000
compare,equal,29,1,full-scan,64,2000,20261007,7000,132000
compare,equal,30,0,full-scan,64,2000,20261007,7000,134000
compare,equal,30,1,early-exit,64,2000,20261007,42000,136000
compare,mismatch-first,0,0,full-scan,64,2000,20261007,6000,136000
compare,mismatch-first,0,1,early-exit,64,2000,20261007,5000,136000
compare,mismatch-first,1,0,early-exit,64,2000,20261007,6000,136000
compare,mismatch-first,1,1,full-scan,64,2000,20261007,7000,136000
compare,mismatch-first,2,0,full-scan,64,2000,20261007,7000,136000
compare,mismatch-first,2,1,early-exit,64,2000,20261007,6000,136000
compare,mismatch-first,3,0,early-exit,64,2000,20261007,6000,136000
compare,mismatch-first,3,1,full-scan,64,2000,20261007,7000,136000
compare,mismatch-first,4,0,full-scan,64,2000,20261007,7000,136000
compare,mismatch-first,4,1,early-exit,64,2000,20261007,5000,136000
compare,mismatch-first,5,0,early-exit,64,2000,20261007,5000,136000
compare,mismatch-first,5,1,full-scan,64,2000,20261007,7000,136000
compare,mismatch-first,6,0,full-scan,64,2000,20261007,6000,136000
compare,mismatch-first,6,1,early-exit,64,2000,20261007,5000,136000
compare,mismatch-first,7,0,early-exit,64,2000,20261007,5000,136000
compare,mismatch-first,7,1,full-scan,64,2000,20261007,6000,136000
compare,mismatch-first,8,0,full-scan,64,2000,20261007,7000,136000
compare,mismatch-first,8,1,early-exit,64,2000,20261007,5000,136000
compare,mismatch-first,9,0,early-exit,64,2000,20261007,5000,136000
compare,mismatch-first,9,1,full-scan,64,2000,20261007,7000,136000
compare,mismatch-first,10,0,full-scan,64,2000,20261007,7000,136000
compare,mismatch-first,10,1,early-exit,64,2000,20261007,6000,136000
compare,mismatch-first,11,0,early-exit,64,2000,20261007,6000,136000
compare,mismatch-first,11,1,full-scan,64,2000,20261007,7000,136000
compare,mismatch-first,12,0,full-scan,64,2000,20261007,7000,136000
compare,mismatch-first,12,1,early-exit,64,2000,20261007,5000,136000
compare,mismatch-first,13,0,early-exit,64,2000,20261007,5000,136000
compare,mismatch-first,13,1,full-scan,64,2000,20261007,7000,136000
compare,mismatch-first,14,0,full-scan,64,2000,20261007,7000,136000
compare,mismatch-first,14,1,early-exit,64,2000,20261007,6000,136000
compare,mismatch-first,15,0,early-exit,64,2000,20261007,5000,136000
compare,mismatch-first,15,1,full-scan,64,2000,20261007,6000,136000
compare,mismatch-first,16,0,full-scan,64,2000,20261007,6000,136000
compare,mismatch-first,16,1,early-exit,64,2000,20261007,5000,136000
compare,mismatch-first,17,0,early-exit,64,2000,20261007,6000,136000
compare,mismatch-first,17,1,full-scan,64,2000,20261007,7000,136000
compare,mismatch-first,18,0,full-scan,64,2000,20261007,7000,136000
compare,mismatch-first,18,1,early-exit,64,2000,20261007,5000,136000
compare,mismatch-first,19,0,early-exit,64,2000,20261007,5000,136000
compare,mismatch-first,19,1,full-scan,64,2000,20261007,7000,136000
compare,mismatch-first,20,0,full-scan,64,2000,20261007,7000,136000
compare,mismatch-first,20,1,early-exit,64,2000,20261007,6000,136000
compare,mismatch-first,21,0,early-exit,64,2000,20261007,5000,136000
compare,mismatch-first,21,1,full-scan,64,2000,20261007,6000,136000
compare,mismatch-first,22,0,full-scan,64,2000,20261007,6000,136000
compare,mismatch-first,22,1,early-exit,64,2000,20261007,5000,136000
compare,mismatch-first,23,0,early-exit,64,2000,20261007,6000,136000
compare,mismatch-first,23,1,full-scan,64,2000,20261007,7000,136000
compare,mismatch-first,24,0,full-scan,64,2000,20261007,7000,136000
compare,mismatch-first,24,1,early-exit,64,2000,20261007,5000,136000
compare,mismatch-first,25,0,early-exit,64,2000,20261007,5000,136000
compare,mismatch-first,25,1,full-scan,64,2000,20261007,7000,136000
compare,mismatch-first,26,0,full-scan,64,2000,20261007,7000,136000
compare,mismatch-first,26,1,early-exit,64,2000,20261007,6000,136000
compare,mismatch-first,27,0,early-exit,64,2000,20261007,5000,136000
compare,mismatch-first,27,1,full-scan,64,2000,20261007,6000,136000
compare,mismatch-first,28,0,full-scan,64,2000,20261007,6000,136000
compare,mismatch-first,28,1,early-exit,64,2000,20261007,5000,136000
compare,mismatch-first,29,0,early-exit,64,2000,20261007,6000,136000
compare,mismatch-first,29,1,full-scan,64,2000,20261007,7000,136000
compare,mismatch-first,30,0,full-scan,64,2000,20261007,7000,136000
compare,mismatch-first,30,1,early-exit,64,2000,20261007,5000,136000
compare,mismatch-middle,0,0,full-scan,64,2000,20261007,7000,136000
compare,mismatch-middle,0,1,early-exit,64,2000,20261007,24000,136000
compare,mismatch-middle,1,0,early-exit,64,2000,20261007,24000,136000
compare,mismatch-middle,1,1,full-scan,64,2000,20261007,7000,136000
compare,mismatch-middle,2,0,full-scan,64,2000,20261007,7000,136000
compare,mismatch-middle,2,1,early-exit,64,2000,20261007,24000,136000
compare,mismatch-middle,3,0,early-exit,64,2000,20261007,23000,136000
compare,mismatch-middle,3,1,full-scan,64,2000,20261007,6000,136000
compare,mismatch-middle,4,0,full-scan,64,2000,20261007,7000,136000
compare,mismatch-middle,4,1,early-exit,64,2000,20261007,23000,136000
compare,mismatch-middle,5,0,early-exit,64,2000,20261007,23000,136000
compare,mismatch-middle,5,1,full-scan,64,2000,20261007,6000,136000
compare,mismatch-middle,6,0,full-scan,64,2000,20261007,6000,136000
compare,mismatch-middle,6,1,early-exit,64,2000,20261007,23000,136000
compare,mismatch-middle,7,0,early-exit,64,2000,20261007,23000,136000
compare,mismatch-middle,7,1,full-scan,64,2000,20261007,7000,136000
compare,mismatch-middle,8,0,full-scan,64,2000,20261007,6000,136000
compare,mismatch-middle,8,1,early-exit,64,2000,20261007,23000,136000
compare,mismatch-middle,9,0,early-exit,64,2000,20261007,24000,136000
compare,mismatch-middle,9,1,full-scan,64,2000,20261007,7000,136000
compare,mismatch-middle,10,0,full-scan,64,2000,20261007,7000,136000
compare,mismatch-middle,10,1,early-exit,64,2000,20261007,24000,136000
compare,mismatch-middle,11,0,early-exit,64,2000,20261007,24000,136000
compare,mismatch-middle,11,1,full-scan,64,2000,20261007,7000,136000
compare,mismatch-middle,12,0,full-scan,64,2000,20261007,7000,136000
compare,mismatch-middle,12,1,early-exit,64,2000,20261007,24000,136000
compare,mismatch-middle,13,0,early-exit,64,2000,20261007,24000,136000
compare,mismatch-middle,13,1,full-scan,64,2000,20261007,7000,136000
compare,mismatch-middle,14,0,full-scan,64,2000,20261007,7000,136000
compare,mismatch-middle,14,1,early-exit,64,2000,20261007,24000,136000
compare,mismatch-middle,15,0,early-exit,64,2000,20261007,24000,136000
compare,mismatch-middle,15,1,full-scan,64,2000,20261007,7000,136000
compare,mismatch-middle,16,0,full-scan,64,2000,20261007,7000,136000
compare,mismatch-middle,16,1,early-exit,64,2000,20261007,23000,136000
compare,mismatch-middle,17,0,early-exit,64,2000,20261007,23000,136000
compare,mismatch-middle,17,1,full-scan,64,2000,20261007,6000,136000
compare,mismatch-middle,18,0,full-scan,64,2000,20261007,6000,136000
compare,mismatch-middle,18,1,early-exit,64,2000,20261007,23000,136000
compare,mismatch-middle,19,0,early-exit,64,2000,20261007,23000,136000
compare,mismatch-middle,19,1,full-scan,64,2000,20261007,6000,136000
compare,mismatch-middle,20,0,full-scan,64,2000,20261007,6000,136000
compare,mismatch-middle,20,1,early-exit,64,2000,20261007,23000,136000
compare,mismatch-middle,21,0,early-exit,64,2000,20261007,23000,136000
compare,mismatch-middle,21,1,full-scan,64,2000,20261007,7000,136000
compare,mismatch-middle,22,0,full-scan,64,2000,20261007,7000,136000
compare,mismatch-middle,22,1,early-exit,64,2000,20261007,23000,136000
compare,mismatch-middle,23,0,early-exit,64,2000,20261007,24000,136000
compare,mismatch-middle,23,1,full-scan,64,2000,20261007,7000,136000
compare,mismatch-middle,24,0,full-scan,64,2000,20261007,7000,136000
compare,mismatch-middle,24,1,early-exit,64,2000,20261007,24000,136000
compare,mismatch-middle,25,0,early-exit,64,2000,20261007,24000,136000
compare,mismatch-middle,25,1,full-scan,64,2000,20261007,7000,136000
compare,mismatch-middle,26,0,full-scan,64,2000,20261007,7000,136000
compare,mismatch-middle,26,1,early-exit,64,2000,20261007,24000,136000
compare,mismatch-middle,27,0,early-exit,64,2000,20261007,24000,136000
compare,mismatch-middle,27,1,full-scan,64,2000,20261007,7000,136000
compare,mismatch-middle,28,0,full-scan,64,2000,20261007,7000,136000
compare,mismatch-middle,28,1,early-exit,64,2000,20261007,24000,136000
compare,mismatch-middle,29,0,early-exit,64,2000,20261007,23000,136000
compare,mismatch-middle,29,1,full-scan,64,2000,20261007,7000,136000
compare,mismatch-middle,30,0,full-scan,64,2000,20261007,7000,136000
compare,mismatch-middle,30,1,early-exit,64,2000,20261007,23000,136000
compare,mismatch-last,0,0,full-scan,64,2000,20261007,7000,136000
compare,mismatch-last,0,1,early-exit,64,2000,20261007,41000,136000
compare,mismatch-last,1,0,early-exit,64,2000,20261007,41000,136000
compare,mismatch-last,1,1,full-scan,64,2000,20261007,7000,136000
compare,mismatch-last,2,0,full-scan,64,2000,20261007,7000,136000
compare,mismatch-last,2,1,early-exit,64,2000,20261007,41000,136000
compare,mismatch-last,3,0,early-exit,64,2000,20261007,41000,136000
compare,mismatch-last,3,1,full-scan,64,2000,20261007,7000,136000
compare,mismatch-last,4,0,full-scan,64,2000,20261007,7000,136000
compare,mismatch-last,4,1,early-exit,64,2000,20261007,42000,136000
compare,mismatch-last,5,0,early-exit,64,2000,20261007,41000,136000
compare,mismatch-last,5,1,full-scan,64,2000,20261007,6000,136000
compare,mismatch-last,6,0,full-scan,64,2000,20261007,6000,136000
compare,mismatch-last,6,1,early-exit,64,2000,20261007,41000,136000
compare,mismatch-last,7,0,early-exit,64,2000,20261007,41000,136000
compare,mismatch-last,7,1,full-scan,64,2000,20261007,7000,136000
compare,mismatch-last,8,0,full-scan,64,2000,20261007,7000,136000
compare,mismatch-last,8,1,early-exit,64,2000,20261007,41000,136000
compare,mismatch-last,9,0,early-exit,64,2000,20261007,41000,136000
compare,mismatch-last,9,1,full-scan,64,2000,20261007,7000,136000
compare,mismatch-last,10,0,full-scan,64,2000,20261007,7000,136000
compare,mismatch-last,10,1,early-exit,64,2000,20261007,42000,136000
compare,mismatch-last,11,0,early-exit,64,2000,20261007,41000,136000
compare,mismatch-last,11,1,full-scan,64,2000,20261007,6000,136000
compare,mismatch-last,12,0,full-scan,64,2000,20261007,6000,136000
compare,mismatch-last,12,1,early-exit,64,2000,20261007,41000,136000
compare,mismatch-last,13,0,early-exit,64,2000,20261007,42000,136000
compare,mismatch-last,13,1,full-scan,64,2000,20261007,7000,136000
compare,mismatch-last,14,0,full-scan,64,2000,20261007,7000,136000
compare,mismatch-last,14,1,early-exit,64,2000,20261007,41000,136000
compare,mismatch-last,15,0,early-exit,64,2000,20261007,41000,136000
compare,mismatch-last,15,1,full-scan,64,2000,20261007,7000,136000
compare,mismatch-last,16,0,full-scan,64,2000,20261007,7000,136000
compare,mismatch-last,16,1,early-exit,64,2000,20261007,41000,136000
compare,mismatch-last,17,0,early-exit,64,2000,20261007,41000,136000
compare,mismatch-last,17,1,full-scan,64,2000,20261007,7000,136000
compare,mismatch-last,18,0,full-scan,64,2000,20261007,7000,136000
compare,mismatch-last,18,1,early-exit,64,2000,20261007,42000,136000
compare,mismatch-last,19,0,early-exit,64,2000,20261007,41000,136000
compare,mismatch-last,19,1,full-scan,64,2000,20261007,6000,136000
compare,mismatch-last,20,0,full-scan,64,2000,20261007,6000,136000
compare,mismatch-last,20,1,early-exit,64,2000,20261007,41000,136000
compare,mismatch-last,21,0,early-exit,64,2000,20261007,41000,136000
compare,mismatch-last,21,1,full-scan,64,2000,20261007,7000,136000
compare,mismatch-last,22,0,full-scan,64,2000,20261007,7000,136000
compare,mismatch-last,22,1,early-exit,64,2000,20261007,53000,136000
compare,mismatch-last,23,0,early-exit,64,2000,20261007,41000,136000
compare,mismatch-last,23,1,full-scan,64,2000,20261007,6000,136000
compare,mismatch-last,24,0,full-scan,64,2000,20261007,7000,136000
compare,mismatch-last,24,1,early-exit,64,2000,20261007,41000,136000
compare,mismatch-last,25,0,early-exit,64,2000,20261007,41000,136000
compare,mismatch-last,25,1,full-scan,64,2000,20261007,7000,136000
compare,mismatch-last,26,0,full-scan,64,2000,20261007,7000,136000
compare,mismatch-last,26,1,early-exit,64,2000,20261007,45000,136000
compare,mismatch-last,27,0,early-exit,64,2000,20261007,42000,136000
compare,mismatch-last,27,1,full-scan,64,2000,20261007,7000,136000
compare,mismatch-last,28,0,full-scan,64,2000,20261007,7000,136000
compare,mismatch-last,28,1,early-exit,64,2000,20261007,41000,136000
compare,mismatch-last,29,0,early-exit,64,2000,20261007,41000,136000
compare,mismatch-last,29,1,full-scan,64,2000,20261007,7000,136000
compare,mismatch-last,30,0,full-scan,64,2000,20261007,7000,136000
compare,mismatch-last,30,1,early-exit,64,2000,20261007,41000,136000
